firstname,lastname,email,phone number
Carree,O'Neill,Carree.O'Neill@yopmail.com,9899989911
Emilia,Cadmar,Emilia.Cadmar@yopmail.com,9899989912
Desirae,Frendel,Desirae.Frendel@yopmail.com,9899989913
Robbi,Gavrila,Robbi.Gavrila@yopmail.com,9899989914
Olivette,Garrison,Olivette.Garrison@yopmail.com,9899989915
Janis,O'Carroll,Janis.O'Carroll@yopmail.com,9899989916
Zsa Zsa,Oscar,Zsa Zsa.Oscar@yopmail.com,9899989917
Elmira,Suanne,Elmira.Suanne@yopmail.com,9899989918
Fernande,Loeb,Fernande.Loeb@yopmail.com,9899989919
Trixi,My,Trixi.My@yopmail.com,9899989920
Ingrid,Hoban,Ingrid.Hoban@yopmail.com,9899989921
Coral,Eliathas,Coral.Eliathas@yopmail.com,9899989922
Maisey,Stephie,Maisey.Stephie@yopmail.com,9899989923
Arabel,Jess,Arabel.Jess@yopmail.com,9899989924
Emmey,Jaylene,Emmey.Jaylene@yopmail.com,9899989925
Sharai,Helve,Sharai.Helve@yopmail.com,9899989926
Eadie,Montgomery,Eadie.Montgomery@yopmail.com,9899989927
Marinna,Diann,Marinna.Diann@yopmail.com,9899989928
Karlee,Jess,Karlee.Jess@yopmail.com,9899989929
Therine,Klotz,Therine.Klotz@yopmail.com,9899989930
Andree,Holbrook,Andree.Holbrook@yopmail.com,9899989931
Gusty,Gualtiero,Gusty.Gualtiero@yopmail.com,9899989932
Basia,Whittaker,Basia.Whittaker@yopmail.com,9899989933
Katharina,Pyle,Katharina.Pyle@yopmail.com,9899989934
Giustina,Kaete,Giustina.Kaete@yopmail.com,9899989935
Valera,Natalia,Valera.Natalia@yopmail.com,9899989936
Nataline,Drisko,Nataline.Drisko@yopmail.com,9899989937
Jobi,Bonucci,Jobi.Bonucci@yopmail.com,9899989938
Leontine,Gabrielli,Leontine.Gabrielli@yopmail.com,9899989939
Debee,Keelia,Debee.Keelia@yopmail.com,9899989940
Rivalee,Lalitta,Rivalee.Lalitta@yopmail.com,9899989941
Lesly,Grobe,Lesly.Grobe@yopmail.com,9899989942
Ilse,Milson,Ilse.Milson@yopmail.com,9899989943
Roberta,Madox,Roberta.Madox@yopmail.com,9899989944
Dolli,Romelda,Dolli.Romelda@yopmail.com,9899989945
Glenda,Gaal,Glenda.Gaal@yopmail.com,9899989946
Sallie,Jerold,Sallie.Jerold@yopmail.com,9899989947
Ardeen,Moina,Ardeen.Moina@yopmail.com,9899989948
Maridel,Ursulette,Maridel.Ursulette@yopmail.com,9899989949
Elfreda,Whiffen,Elfreda.Whiffen@yopmail.com,9899989950
Kristina,Georas,Kristina.Georas@yopmail.com,9899989951
Tori,Edvard,Tori.Edvard@yopmail.com,9899989952
Cyndie,Joseph,Cyndie.Joseph@yopmail.com,9899989953
Annabela,Parette,Annabela.Parette@yopmail.com,9899989954
Moyna,Dalli,Moyna.Dalli@yopmail.com,9899989955
Nyssa,Camden,Nyssa.Camden@yopmail.com,9899989956
Cathyleen,Levey,Cathyleen.Levey@yopmail.com,9899989957
Laurene,Riordan,Laurene.Riordan@yopmail.com,9899989958
Julieta,Schlosser,Julieta.Schlosser@yopmail.com,9899989959
Tori,Dalli,Tori.Dalli@yopmail.com,9899989960
Melina,Wyn,Melina.Wyn@yopmail.com,9899989961
Belva,Joeann,Belva.Joeann@yopmail.com,9899989962
Maurene,Mike,Maurene.Mike@yopmail.com,9899989963
Calla,Rossner,Calla.Rossner@yopmail.com,9899989964
Elyssa,Jammal,Elyssa.Jammal@yopmail.com,9899989965
Shauna,Elisha,Shauna.Elisha@yopmail.com,9899989966
Sam,Valerio,Sam.Valerio@yopmail.com,9899989967
Lorie,Loring,Lorie.Loring@yopmail.com,9899989968
Johna,Lamoree,Johna.Lamoree@yopmail.com,9899989969
Hettie,Natica,Hettie.Natica@yopmail.com,9899989970
Wanda,Dominy,Wanda.Dominy@yopmail.com,9899989971
Shauna,Jacqui,Shauna.Jacqui@yopmail.com,9899989972
Joy,Catie,Joy.Catie@yopmail.com,9899989973
Rosene,Flita,Rosene.Flita@yopmail.com,9899989974
Cordi,Lilas,Cordi.Lilas@yopmail.com,9899989975
Hettie,Bandeen,Hettie.Bandeen@yopmail.com,9899989976
Hannis,Vernier,Hannis.Vernier@yopmail.com,9899989977
Agathe,Rona,Agathe.Rona@yopmail.com,9899989978
Maye,Aaberg,Maye.Aaberg@yopmail.com,9899989979
Brietta,Constancy,Brietta.Constancy@yopmail.com,9899989980
Viviene,Ranjiv,Viviene.Ranjiv@yopmail.com,9899989981
Corina,Israeli,Corina.Israeli@yopmail.com,9899989982
Asia,Harriman,Asia.Harriman@yopmail.com,9899989983
Adriana,Sundin,Adriana.Sundin@yopmail.com,9899989984
Drucie,Jeanne,Drucie.Jeanne@yopmail.com,9899989985
Elora,Faso,Elora.Faso@yopmail.com,9899989986
Mary,Callista,Mary.Callista@yopmail.com,9899989987
Philis,Isacco,Philis.Isacco@yopmail.com,9899989988
Gloria,August,Gloria.August@yopmail.com,9899989989
Sharlene,Greyson,Sharlene.Greyson@yopmail.com,9899989990
Belva,Justinn,Belva.Justinn@yopmail.com,9899989991
Annice,Wind,Annice.Wind@yopmail.com,9899989992
Heddie,Loeb,Heddie.Loeb@yopmail.com,9899989993
Clary,Cosenza,Clary.Cosenza@yopmail.com,9899989994
Bernie,Anton,Bernie.Anton@yopmail.com,9899989995
Marinna,McAdams,Marinna.McAdams@yopmail.com,9899989996
Angelique,Estella,Angelique.Estella@yopmail.com,9899989997
Meriel,Seumas,Meriel.Seumas@yopmail.com,9899989998
Amelia,Hathaway,Amelia.Hathaway@yopmail.com,9899989999
Andeee,Joseph,Andeee.Joseph@yopmail.com,9899990000
Beth,Weinreb,Beth.Weinreb@yopmail.com,9899990001
Calla,Suzetta,Calla.Suzetta@yopmail.com,9899990002
Jillayne,Krystle,Jillayne.Krystle@yopmail.com,9899990003
Tabbatha,Gaynor,Tabbatha.Gaynor@yopmail.com,9899990004
Letizia,Bandeen,Letizia.Bandeen@yopmail.com,9899990005
Gwenneth,Koziara,Gwenneth.Koziara@yopmail.com,9899990006
Juliane,Dituri,Juliane.Dituri@yopmail.com,9899990007
Marline,Dearborn,Marline.Dearborn@yopmail.com,9899990008
Genovera,Rese,Genovera.Rese@yopmail.com,9899990009
Sadie,Maroney,Sadie.Maroney@yopmail.com,9899990010
Berget,Olympium,Berget.Olympium@yopmail.com,9899990011
Maye,Ashok,Maye.Ashok@yopmail.com,9899990012
Mallory,Bonucci,Mallory.Bonucci@yopmail.com,9899990013
Damaris,Trace,Damaris.Trace@yopmail.com,9899990014
Ida,Center,Ida.Center@yopmail.com,9899990015
Cathyleen,Iiette,Cathyleen.Iiette@yopmail.com,9899990016
Fina,Allare,Fina.Allare@yopmail.com,9899990017
Tomasina,Elo,Tomasina.Elo@yopmail.com,9899990018
Lila,Behre,Lila.Behre@yopmail.com,9899990019
Elie,Elisha,Elie.Elisha@yopmail.com,9899990020
Sindee,Korey,Sindee.Korey@yopmail.com,9899990021
Roz,Elbertina,Roz.Elbertina@yopmail.com,9899990022
Louella,Bevin,Louella.Bevin@yopmail.com,9899990023
Linzy,Hollingsworth,Linzy.Hollingsworth@yopmail.com,9899990024
Helena,Lubin,Helena.Lubin@yopmail.com,9899990025
Ardeen,Persse,Ardeen.Persse@yopmail.com,9899990026
Candi,Jethro,Candi.Jethro@yopmail.com,9899990027
Konstance,Jacobah,Konstance.Jacobah@yopmail.com,9899990028
Dorothy,Lea,Dorothy.Lea@yopmail.com,9899990029
Aryn,Kimmie,Aryn.Kimmie@yopmail.com,9899990030
Celestyna,Terencio,Celestyna.Terencio@yopmail.com,9899990031
Fernande,Pandolfi,Fernande.Pandolfi@yopmail.com,9899990032
Miquela,Gherardo,Miquela.Gherardo@yopmail.com,9899990033
Zia,Raseda,Zia.Raseda@yopmail.com,9899990034
Morganica,Stefa,Morganica.Stefa@yopmail.com,9899990035
Elbertina,Geffner,Elbertina.Geffner@yopmail.com,9899990036
Lily,Ioab,Lily.Ioab@yopmail.com,9899990037
Hope,Michella,Hope.Michella@yopmail.com,9899990038
Mignon,Kenney,Mignon.Kenney@yopmail.com,9899990039
Violet,Gale,Violet.Gale@yopmail.com,9899990040
Maye,Hollingsworth,Maye.Hollingsworth@yopmail.com,9899990041
Eadie,Hachmin,Eadie.Hachmin@yopmail.com,9899990042
Carilyn,Jagir,Carilyn.Jagir@yopmail.com,9899990043
Kerrin,Linskey,Kerrin.Linskey@yopmail.com,9899990044
Benita,Erich,Benita.Erich@yopmail.com,9899990045
Jenilee,Brandice,Jenilee.Brandice@yopmail.com,9899990046
Carly,Helfand,Carly.Helfand@yopmail.com,9899990047
Wynne,Pond,Wynne.Pond@yopmail.com,9899990048
Celisse,Krystle,Celisse.Krystle@yopmail.com,9899990049
Vivia,Isidore,Vivia.Isidore@yopmail.com,9899990050
Mathilda,Hamil,Mathilda.Hamil@yopmail.com,9899990051
Agnese,Tyson,Agnese.Tyson@yopmail.com,9899990052
Lynde,Fiester,Lynde.Fiester@yopmail.com,9899990053
Katharina,Karl,Katharina.Karl@yopmail.com,9899990054
Marita,Dawkins,Marita.Dawkins@yopmail.com,9899990055
Lynnea,Tice,Lynnea.Tice@yopmail.com,9899990056
Lusa,Schwejda,Lusa.Schwejda@yopmail.com,9899990057
Kaia,Magnolia,Kaia.Magnolia@yopmail.com,9899990058
Mamie,Rocray,Mamie.Rocray@yopmail.com,9899990059
Agathe,Love,Agathe.Love@yopmail.com,9899990060
Annora,Dannye,Annora.Dannye@yopmail.com,9899990061
Silvana,Randene,Silvana.Randene@yopmail.com,9899990062
Shel,Anselmi,Shel.Anselmi@yopmail.com,9899990063
Cyb,Pelagias,Cyb.Pelagias@yopmail.com,9899990064
Clementine,Duwalt,Clementine.Duwalt@yopmail.com,9899990065
Sallie,Ax,Sallie.Ax@yopmail.com,9899990066
Deirdre,Bonucci,Deirdre.Bonucci@yopmail.com,9899990067
Gilda,Noelyn,Gilda.Noelyn@yopmail.com,9899990068
Zia,Garbe,Zia.Garbe@yopmail.com,9899990069
Karena,Lilybelle,Karena.Lilybelle@yopmail.com,9899990070
Asia,Madox,Asia.Madox@yopmail.com,9899990071
Feliza,Selway,Feliza.Selway@yopmail.com,9899990072
Harrietta,Socha,Harrietta.Socha@yopmail.com,9899990073
Aigneis,Forrer,Aigneis.Forrer@yopmail.com,9899990074
Stacey,Klemperer,Stacey.Klemperer@yopmail.com,9899990075
Emilia,Stover,Emilia.Stover@yopmail.com,9899990076
Jean,Ramona,Jean.Ramona@yopmail.com,9899990077
Amii,Tomasina,Amii.Tomasina@yopmail.com,9899990078
Clary,Anis,Clary.Anis@yopmail.com,9899990079
Andeee,Danby,Andeee.Danby@yopmail.com,9899990080
Marnia,Esmaria,Marnia.Esmaria@yopmail.com,9899990081
Fredericka,Garlinda,Fredericka.Garlinda@yopmail.com,9899990082
Kerrin,Jarib,Kerrin.Jarib@yopmail.com,9899990083
Marinna,Johanna,Marinna.Johanna@yopmail.com,9899990084
Anthia,Neils,Anthia.Neils@yopmail.com,9899990085
Sashenka,Ader,Sashenka.Ader@yopmail.com,9899990086
Ingrid,Truc,Ingrid.Truc@yopmail.com,9899990087
Halette,Bibi,Halette.Bibi@yopmail.com,9899990088
Rori,Hilbert,Rori.Hilbert@yopmail.com,9899990089
Veda,MacIntosh,Veda.MacIntosh@yopmail.com,9899990090
Tierney,Meli,Tierney.Meli@yopmail.com,9899990091
Christy,Virgin,Christy.Virgin@yopmail.com,9899990092
Riannon,Iphlgenia,Riannon.Iphlgenia@yopmail.com,9899990093
Noelle,Shama,Noelle.Shama@yopmail.com,9899990094
Priscilla,Alejoa,Priscilla.Alejoa@yopmail.com,9899990095
Rebeca,Gavrila,Rebeca.Gavrila@yopmail.com,9899990096
Sissy,Letsou,Sissy.Letsou@yopmail.com,9899990097
Zsa Zsa,Eldrid,Zsa Zsa.Eldrid@yopmail.com,9899990098
Nanete,Serilda,Nanete.Serilda@yopmail.com,9899990099
Stephanie,Chinua,Stephanie.Chinua@yopmail.com,9899990100
Rosanne,Lilybelle,Rosanne.Lilybelle@yopmail.com,9899990101
Misha,Eachern,Misha.Eachern@yopmail.com,9899990102
Steffane,Linskey,Steffane.Linskey@yopmail.com,9899990103
Heida,Autrey,Heida.Autrey@yopmail.com,9899990104
Jere,Eachern,Jere.Eachern@yopmail.com,9899990105
Meriel,Bari,Meriel.Bari@yopmail.com,9899990106
Binny,Cookie,Binny.Cookie@yopmail.com,9899990107
Ileana,Haerr,Ileana.Haerr@yopmail.com,9899990108
Melisent,Uund,Melisent.Uund@yopmail.com,9899990109
Olivette,Cadmar,Olivette.Cadmar@yopmail.com,9899990110
Leeanne,Buckler,Leeanne.Buckler@yopmail.com,9899990111
Averyl,Dyche,Averyl.Dyche@yopmail.com,9899990112
Sidoney,Angelis,Sidoney.Angelis@yopmail.com,9899990113
Ayn,Whiffen,Ayn.Whiffen@yopmail.com,9899990114
Dolli,Schonfeld,Dolli.Schonfeld@yopmail.com,9899990115
Fawne,Luhe,Fawne.Luhe@yopmail.com,9899990116
Janenna,Burnside,Janenna.Burnside@yopmail.com,9899990117
Larine,Earlie,Larine.Earlie@yopmail.com,9899990118
Lacie,Fosque,Lacie.Fosque@yopmail.com,9899990119
Penelopa,Isacco,Penelopa.Isacco@yopmail.com,9899990120
Nyssa,Woodberry,Nyssa.Woodberry@yopmail.com,9899990121
Deane,Atonsah,Deane.Atonsah@yopmail.com,9899990122
Jordan,Dahlia,Jordan.Dahlia@yopmail.com,9899990123
Joleen,Turne,Joleen.Turne@yopmail.com,9899990124
Renae,Thema,Renae.Thema@yopmail.com,9899990125
Gratia,Brenn,Gratia.Brenn@yopmail.com,9899990126
Chloris,Serilda,Chloris.Serilda@yopmail.com,9899990127
Larine,Skell,Larine.Skell@yopmail.com,9899990128
Blinni,Tamsky,Blinni.Tamsky@yopmail.com,9899990129
Kamilah,Riva,Kamilah.Riva@yopmail.com,9899990130
Lonnie,Ferino,Lonnie.Ferino@yopmail.com,9899990131
Alejandra,Selway,Alejandra.Selway@yopmail.com,9899990132
Maye,Phyllis,Maye.Phyllis@yopmail.com,9899990133
Iseabal,Pond,Iseabal.Pond@yopmail.com,9899990134
Delilah,Ogren,Delilah.Ogren@yopmail.com,9899990135
Barbi,Dulciana,Barbi.Dulciana@yopmail.com,9899990136
Norine,Maurine,Norine.Maurine@yopmail.com,9899990137
Ericka,Meter,Ericka.Meter@yopmail.com,9899990138
Alia,Martguerita,Alia.Martguerita@yopmail.com,9899990139
Lorenza,Niles,Lorenza.Niles@yopmail.com,9899990140
Gui,Paton,Gui.Paton@yopmail.com,9899990141
Lexine,Abbot,Lexine.Abbot@yopmail.com,9899990142
Elvira,Dunkin,Elvira.Dunkin@yopmail.com,9899990143
Lucy,Arvo,Lucy.Arvo@yopmail.com,9899990144
Agathe,Hanshaw,Agathe.Hanshaw@yopmail.com,9899990145
Ebonee,Katrine,Ebonee.Katrine@yopmail.com,9899990146
Moyna,Demitria,Moyna.Demitria@yopmail.com,9899990147
Devina,Noam,Devina.Noam@yopmail.com,9899990148
Deirdre,Merat,Deirdre.Merat@yopmail.com,9899990149
Stevana,Ochs,Stevana.Ochs@yopmail.com,9899990150
Wendi,Schalles,Wendi.Schalles@yopmail.com,9899990151
Clementine,Merat,Clementine.Merat@yopmail.com,9899990152
Susette,Hanshaw,Susette.Hanshaw@yopmail.com,9899990153
Natka,Wilona,Natka.Wilona@yopmail.com,9899990154
Lynde,Esmaria,Lynde.Esmaria@yopmail.com,9899990155
Georgina,Tristram,Georgina.Tristram@yopmail.com,9899990156
Dorene,Adore,Dorene.Adore@yopmail.com,9899990157
Benita,Madaih,Benita.Madaih@yopmail.com,9899990158
Tracey,Ioab,Tracey.Ioab@yopmail.com,9899990159
Cyb,Edison,Cyb.Edison@yopmail.com,9899990160
Sheree,Karl,Sheree.Karl@yopmail.com,9899990161
Carmencita,Latini,Carmencita.Latini@yopmail.com,9899990162
Kaia,Kare,Kaia.Kare@yopmail.com,9899990163
Odessa,Maroney,Odessa.Maroney@yopmail.com,9899990164
Marguerite,Fax,Marguerite.Fax@yopmail.com,9899990165
Mamie,Anis,Mamie.Anis@yopmail.com,9899990166
Trixi,Gibbeon,Trixi.Gibbeon@yopmail.com,9899990167
Dotty,Muriel,Dotty.Muriel@yopmail.com,9899990168
Susan,Shuler,Susan.Shuler@yopmail.com,9899990169
Frances,Medrek,Frances.Medrek@yopmail.com,9899990170
June,Trinetta,June.Trinetta@yopmail.com,9899990171
Janey,Adalbert,Janey.Adalbert@yopmail.com,9899990172
Lynde,McLaughlin,Lynde.McLaughlin@yopmail.com,9899990173
Lucy,O'Neill,Lucy.O'Neill@yopmail.com,9899990174
Ninnetta,Alrich,Ninnetta.Alrich@yopmail.com,9899990175
Kristan,Lowry,Kristan.Lowry@yopmail.com,9899990176
Eugine,Loring,Eugine.Loring@yopmail.com,9899990177
Fernande,Kazimir,Fernande.Kazimir@yopmail.com,9899990178
Dennie,Dom,Dennie.Dom@yopmail.com,9899990179
Tybie,Alrich,Tybie.Alrich@yopmail.com,9899990180
Trixi,Milde,Trixi.Milde@yopmail.com,9899990181
Sibella,Kirstin,Sibella.Kirstin@yopmail.com,9899990182
Jessamyn,Duwalt,Jessamyn.Duwalt@yopmail.com,9899990183
Joane,Craggie,Joane.Craggie@yopmail.com,9899990184
Fredericka,Burch,Fredericka.Burch@yopmail.com,9899990185
Tonia,Klemperer,Tonia.Klemperer@yopmail.com,9899990186
Nerta,Iaverne,Nerta.Iaverne@yopmail.com,9899990187
Lanna,Abram,Lanna.Abram@yopmail.com,9899990188
Danny,Terencio,Danny.Terencio@yopmail.com,9899990189
Rani,Concha,Rani.Concha@yopmail.com,9899990190
Anica,Han,Anica.Han@yopmail.com,9899990191
Gale,Torray,Gale.Torray@yopmail.com,9899990192
Tierney,Clywd,Tierney.Clywd@yopmail.com,9899990193
Pollyanna,Dalli,Pollyanna.Dalli@yopmail.com,9899990194
Barbara,Saunderson,Barbara.Saunderson@yopmail.com,9899990195
Ekaterina,Whiffen,Ekaterina.Whiffen@yopmail.com,9899990196
Dorthy,Nester,Dorthy.Nester@yopmail.com,9899990197
Berget,Krystle,Berget.Krystle@yopmail.com,9899990198
Chickie,Edee,Chickie.Edee@yopmail.com,9899990199
Kathi,Reinke,Kathi.Reinke@yopmail.com,9899990200
Alie,Garbe,Alie.Garbe@yopmail.com,9899990201
Hermione,Riordan,Hermione.Riordan@yopmail.com,9899990202
Zaria,Bendick,Zaria.Bendick@yopmail.com,9899990203
Marline,Sprage,Marline.Sprage@yopmail.com,9899990204
Korrie,Meter,Korrie.Meter@yopmail.com,9899990205
Oralee,Travax,Oralee.Travax@yopmail.com,9899990206
Catharine,Sasnett,Catharine.Sasnett@yopmail.com,9899990207
Sarette,Si,Sarette.Si@yopmail.com,9899990208
Lusa,Knowling,Lusa.Knowling@yopmail.com,9899990209
Genevra,Roxanna,Genevra.Roxanna@yopmail.com,9899990210
Dione,Nance,Dione.Nance@yopmail.com,9899990211
Sadie,Behre,Sadie.Behre@yopmail.com,9899990212
Mary,Annice,Mary.Annice@yopmail.com,9899990213
Oona,Maples,Oona.Maples@yopmail.com,9899990214
Danny,Carri,Danny.Carri@yopmail.com,9899990215
Robinia,Alice,Robinia.Alice@yopmail.com,9899990216
Heida,Kaja,Heida.Kaja@yopmail.com,9899990217
Malina,Jacqui,Malina.Jacqui@yopmail.com,9899990218
Katleen,Adlare,Katleen.Adlare@yopmail.com,9899990219
Winny,Schlosser,Winny.Schlosser@yopmail.com,9899990220
Rebeca,Rudolph,Rebeca.Rudolph@yopmail.com,9899990221
Ellette,McAdams,Ellette.McAdams@yopmail.com,9899990222
Fawne,Ummersen,Fawne.Ummersen@yopmail.com,9899990223
Ellette,Keily,Ellette.Keily@yopmail.com,9899990224
Tracey,Pozzy,Tracey.Pozzy@yopmail.com,9899990225
Catharine,Lissi,Catharine.Lissi@yopmail.com,9899990226
Marline,Blisse,Marline.Blisse@yopmail.com,9899990227
Hallie,Dannye,Hallie.Dannye@yopmail.com,9899990228
Carmela,Adlare,Carmela.Adlare@yopmail.com,9899990229
Barbi,Truc,Barbi.Truc@yopmail.com,9899990230
Gusella,Jorgan,Gusella.Jorgan@yopmail.com,9899990231
Collen,Couture,Collen.Couture@yopmail.com,9899990232
Atlanta,Bonucci,Atlanta.Bonucci@yopmail.com,9899990233
Gwenneth,Persse,Gwenneth.Persse@yopmail.com,9899990234
Jaime,Romelda,Jaime.Romelda@yopmail.com,9899990235
Joceline,Gemini,Joceline.Gemini@yopmail.com,9899990236
Modestia,Schwejda,Modestia.Schwejda@yopmail.com,9899990237
Priscilla,Eugenia,Priscilla.Eugenia@yopmail.com,9899990238
Tilly,Erb,Tilly.Erb@yopmail.com,9899990239
Dode,MacIntosh,Dode.MacIntosh@yopmail.com,9899990240
Fidelia,Joseph,Fidelia.Joseph@yopmail.com,9899990241
Eadie,Lacombe,Eadie.Lacombe@yopmail.com,9899990242
Lily,Thomasina,Lily.Thomasina@yopmail.com,9899990243
Jenda,Turne,Jenda.Turne@yopmail.com,9899990244
Ardenia,Ackerley,Ardenia.Ackerley@yopmail.com,9899990245
Annice,Roche,Annice.Roche@yopmail.com,9899990246
Britte,Mata,Britte.Mata@yopmail.com,9899990247
Marylou,Vastah,Marylou.Vastah@yopmail.com,9899990248
Carilyn,Mike,Carilyn.Mike@yopmail.com,9899990249
Jaclyn,Maryanne,Jaclyn.Maryanne@yopmail.com,9899990250
Millie,Garek,Millie.Garek@yopmail.com,9899990251
Anthia,Behre,Anthia.Behre@yopmail.com,9899990252
Margalo,Berne,Margalo.Berne@yopmail.com,9899990253
Fidelia,Armanda,Fidelia.Armanda@yopmail.com,9899990254
Tressa,Cyrie,Tressa.Cyrie@yopmail.com,9899990255
Nerta,Rubie,Nerta.Rubie@yopmail.com,9899990256
Antonietta,Curren,Antonietta.Curren@yopmail.com,9899990257
Malina,Voletta,Malina.Voletta@yopmail.com,9899990258
Bee,Sawtelle,Bee.Sawtelle@yopmail.com,9899990259
Talya,Crudden,Talya.Crudden@yopmail.com,9899990260
Anica,Francyne,Anica.Francyne@yopmail.com,9899990261
Lonnie,Autrey,Lonnie.Autrey@yopmail.com,9899990262
Marleah,Winthorpe,Marleah.Winthorpe@yopmail.com,9899990263
Nadine,Kravits,Nadine.Kravits@yopmail.com,9899990264
Sarette,Hebner,Sarette.Hebner@yopmail.com,9899990265
Rochette,Dawkins,Rochette.Dawkins@yopmail.com,9899990266
Annice,Niccolo,Annice.Niccolo@yopmail.com,9899990267
Roxane,Justinn,Roxane.Justinn@yopmail.com,9899990268
Margarette,Dowski,Margarette.Dowski@yopmail.com,9899990269
Theodora,Claudine,Theodora.Claudine@yopmail.com,9899990270
Winny,Kiersten,Winny.Kiersten@yopmail.com,9899990271
Florie,Meter,Florie.Meter@yopmail.com,9899990272
Susette,Toni,Susette.Toni@yopmail.com,9899990273
Cristabel,Saree,Cristabel.Saree@yopmail.com,9899990274
Melina,Melleta,Melina.Melleta@yopmail.com,9899990275
Florie,Magdalen,Florie.Magdalen@yopmail.com,9899990276
Kimberley,Milson,Kimberley.Milson@yopmail.com,9899990277
Ottilie,Reidar,Ottilie.Reidar@yopmail.com,9899990278
Johna,Blisse,Johna.Blisse@yopmail.com,9899990279
Anica,Zuzana,Anica.Zuzana@yopmail.com,9899990280
Steffane,Gino,Steffane.Gino@yopmail.com,9899990281
Sarette,Lymann,Sarette.Lymann@yopmail.com,9899990282
Kelly,Lynn,Kelly.Lynn@yopmail.com,9899990283
Lilith,Phyllis,Lilith.Phyllis@yopmail.com,9899990284
Claresta,Levey,Claresta.Levey@yopmail.com,9899990285
Marti,Yorick,Marti.Yorick@yopmail.com,9899990286
Corene,Emmaline,Corene.Emmaline@yopmail.com,9899990287
Margarette,Fiester,Margarette.Fiester@yopmail.com,9899990288
Stevana,Masao,Stevana.Masao@yopmail.com,9899990289
Donnie,Joeann,Donnie.Joeann@yopmail.com,9899990290
Deedee,Rheingold,Deedee.Rheingold@yopmail.com,9899990291
Pamella,Pauly,Pamella.Pauly@yopmail.com,9899990292
Corly,Arvo,Corly.Arvo@yopmail.com,9899990293
Rochette,Abbot,Rochette.Abbot@yopmail.com,9899990294
Dotty,Chauncey,Dotty.Chauncey@yopmail.com,9899990295
Fanny,Fax,Fanny.Fax@yopmail.com,9899990296
Dione,Pierette,Dione.Pierette@yopmail.com,9899990297
Modestia,Kunin,Modestia.Kunin@yopmail.com,9899990298
Lanna,Audly,Lanna.Audly@yopmail.com,9899990299
Correy,Olympium,Correy.Olympium@yopmail.com,9899990300
Katuscha,Oscar,Katuscha.Oscar@yopmail.com,9899990301
Charmaine,Gaynor,Charmaine.Gaynor@yopmail.com,9899990302
Nicoli,Chobot,Nicoli.Chobot@yopmail.com,9899990303
Allis,Henrie,Allis.Henrie@yopmail.com,9899990304
Darlleen,Wenda,Darlleen.Wenda@yopmail.com,9899990305
Beatriz,Montgomery,Beatriz.Montgomery@yopmail.com,9899990306
Edith,Jagir,Edith.Jagir@yopmail.com,9899990307
Jenda,Paton,Jenda.Paton@yopmail.com,9899990308
Wanda,Olympium,Wanda.Olympium@yopmail.com,9899990309
Gilda,Emanuel,Gilda.Emanuel@yopmail.com,9899990310
Lesly,Yerkovich,Lesly.Yerkovich@yopmail.com,9899990311
Leia,Amadas,Leia.Amadas@yopmail.com,9899990312
Rosaline,Eachern,Rosaline.Eachern@yopmail.com,9899990313
Paola,Velick,Paola.Velick@yopmail.com,9899990314
Alleen,Christal,Alleen.Christal@yopmail.com,9899990315
Hayley,Weinreb,Hayley.Weinreb@yopmail.com,9899990316
Benita,Ariella,Benita.Ariella@yopmail.com,9899990317
Evita,Cynar,Evita.Cynar@yopmail.com,9899990318
Penelopa,Linskey,Penelopa.Linskey@yopmail.com,9899990319
Paola,Vacuva,Paola.Vacuva@yopmail.com,9899990320
Merci,Morehouse,Merci.Morehouse@yopmail.com,9899990321
Gilda,Fancie,Gilda.Fancie@yopmail.com,9899990322
Elsie,Claudine,Elsie.Claudine@yopmail.com,9899990323
Cathie,Albertine,Cathie.Albertine@yopmail.com,9899990324
Jerry,Tippets,Jerry.Tippets@yopmail.com,9899990325
Lily,Grobe,Lily.Grobe@yopmail.com,9899990326
Pamella,Bibi,Pamella.Bibi@yopmail.com,9899990327
Correy,Valoniah,Correy.Valoniah@yopmail.com,9899990328
Vivia,Jehu,Vivia.Jehu@yopmail.com,9899990329
Dari,Madelene,Dari.Madelene@yopmail.com,9899990330
Albertina,Dulciana,Albertina.Dulciana@yopmail.com,9899990331
Valli,Aurelio,Valli.Aurelio@yopmail.com,9899990332
Corene,Ethban,Corene.Ethban@yopmail.com,9899990333
Jessy,Cornelia,Jessy.Cornelia@yopmail.com,9899990334
Ellette,Iaverne,Ellette.Iaverne@yopmail.com,9899990335
Nicoli,Brunell,Nicoli.Brunell@yopmail.com,9899990336
Rani,Lynn,Rani.Lynn@yopmail.com,9899990337
Rochette,Schroth,Rochette.Schroth@yopmail.com,9899990338
Lexine,Silvan,Lexine.Silvan@yopmail.com,9899990339
Darci,Adrienne,Darci.Adrienne@yopmail.com,9899990340
Chastity,Linehan,Chastity.Linehan@yopmail.com,9899990341
Luci,Gibbeon,Luci.Gibbeon@yopmail.com,9899990342
Wynne,Zachary,Wynne.Zachary@yopmail.com,9899990343
Penelopa,Mike,Penelopa.Mike@yopmail.com,9899990344
Ebonee,Kesley,Ebonee.Kesley@yopmail.com,9899990345
Marguerite,Nelsen,Marguerite.Nelsen@yopmail.com,9899990346
Julieta,Hanleigh,Julieta.Hanleigh@yopmail.com,9899990347
Linzy,Leffen,Linzy.Leffen@yopmail.com,9899990348
Alie,Boehike,Alie.Boehike@yopmail.com,9899990349
Hildegaard,Hoenack,Hildegaard.Hoenack@yopmail.com,9899990350
Lilith,Melleta,Lilith.Melleta@yopmail.com,9899990351
Ruthe,Dorine,Ruthe.Dorine@yopmail.com,9899990352
Shel,Phaidra,Shel.Phaidra@yopmail.com,9899990353
Cassondra,Hazlett,Cassondra.Hazlett@yopmail.com,9899990354
Regina,Garlinda,Regina.Garlinda@yopmail.com,9899990355
Mureil,Wolfgram,Mureil.Wolfgram@yopmail.com,9899990356
Shauna,Malvino,Shauna.Malvino@yopmail.com,9899990357
Valeda,Afton,Valeda.Afton@yopmail.com,9899990358
Elie,Liebermann,Elie.Liebermann@yopmail.com,9899990359
Susette,Imelida,Susette.Imelida@yopmail.com,9899990360
Blinni,Valoniah,Blinni.Valoniah@yopmail.com,9899990361
Gaylene,Kenwood,Gaylene.Kenwood@yopmail.com,9899990362
Kaia,Sperling,Kaia.Sperling@yopmail.com,9899990363
Hannis,Krystle,Hannis.Krystle@yopmail.com,9899990364
Mignon,McCutcheon,Mignon.McCutcheon@yopmail.com,9899990365
Mariann,Brunell,Mariann.Brunell@yopmail.com,9899990366
Lelah,Euridice,Lelah.Euridice@yopmail.com,9899990367
Margette,Artie,Margette.Artie@yopmail.com,9899990368
Monika,Love,Monika.Love@yopmail.com,9899990369
Sidoney,Paton,Sidoney.Paton@yopmail.com,9899990370
Melisent,Constancy,Melisent.Constancy@yopmail.com,9899990371
Rori,Hilbert,Rori.Hilbert@yopmail.com,9899990372
Tracey,Justinn,Tracey.Justinn@yopmail.com,9899990373
Starla,Danby,Starla.Danby@yopmail.com,9899990374
Jordan,Bahr,Jordan.Bahr@yopmail.com,9899990375
Genovera,Reneta,Genovera.Reneta@yopmail.com,9899990376
Ashlee,Alexandr,Ashlee.Alexandr@yopmail.com,9899990377
Mathilda,Gunn,Mathilda.Gunn@yopmail.com,9899990378
Isa,Wind,Isa.Wind@yopmail.com,9899990379
Jaime,Harned,Jaime.Harned@yopmail.com,9899990380
Elsie,Doig,Elsie.Doig@yopmail.com,9899990381
Aurore,Kenwood,Aurore.Kenwood@yopmail.com,9899990382
Kathy,Madelene,Kathy.Madelene@yopmail.com,9899990383
Selma,Karna,Selma.Karna@yopmail.com,9899990384
Charmaine,Santoro,Charmaine.Santoro@yopmail.com,9899990385
Calla,Madaih,Calla.Madaih@yopmail.com,9899990386
Sheelagh,Sadowski,Sheelagh.Sadowski@yopmail.com,9899990387
Berta,Danby,Berta.Danby@yopmail.com,9899990388
Sissy,Carri,Sissy.Carri@yopmail.com,9899990389
Vanessa,Bohlin,Vanessa.Bohlin@yopmail.com,9899990390
Karina,Wittie,Karina.Wittie@yopmail.com,9899990391
Blondelle,Slifka,Blondelle.Slifka@yopmail.com,9899990392
Meg,Thunell,Meg.Thunell@yopmail.com,9899990393
Steffane,Eldrid,Steffane.Eldrid@yopmail.com,9899990394
Darci,Aldric,Darci.Aldric@yopmail.com,9899990395
Barbi,Liebermann,Barbi.Liebermann@yopmail.com,9899990396
Sybille,Hollingsworth,Sybille.Hollingsworth@yopmail.com,9899990397
Deedee,Urias,Deedee.Urias@yopmail.com,9899990398
Roz,Mike,Roz.Mike@yopmail.com,9899990399
Cherilyn,Kare,Cherilyn.Kare@yopmail.com,9899990400
Nikki,Chick,Nikki.Chick@yopmail.com,9899990401
Ira,Rona,Ira.Rona@yopmail.com,9899990402
Jillayne,Denis,Jillayne.Denis@yopmail.com,9899990403
Atlanta,Leary,Atlanta.Leary@yopmail.com,9899990404
Chastity,Sprage,Chastity.Sprage@yopmail.com,9899990405
Pearline,Federica,Pearline.Federica@yopmail.com,9899990406
Rozele,Ciro,Rozele.Ciro@yopmail.com,9899990407
Briney,Rooney,Briney.Rooney@yopmail.com,9899990408
Augustine,Daveta,Augustine.Daveta@yopmail.com,9899990409
Nananne,Roxanna,Nananne.Roxanna@yopmail.com,9899990410
Kaia,Eben,Kaia.Eben@yopmail.com,9899990411
Libbie,Chandler,Libbie.Chandler@yopmail.com,9899990412
Karena,Judye,Karena.Judye@yopmail.com,9899990413
Riannon,Shama,Riannon.Shama@yopmail.com,9899990414
Bertine,Marlie,Bertine.Marlie@yopmail.com,9899990415
Nannie,Chabot,Nannie.Chabot@yopmail.com,9899990416
Mathilda,Pitt,Mathilda.Pitt@yopmail.com,9899990417
Leanna,Merat,Leanna.Merat@yopmail.com,9899990418
Meghann,Brodench,Meghann.Brodench@yopmail.com,9899990419
Carol-Jean,Xerxes,Carol-Jean.Xerxes@yopmail.com,9899990420
Bibby,Mike,Bibby.Mike@yopmail.com,9899990421
Eadie,Jethro,Eadie.Jethro@yopmail.com,9899990422
Kathy,Eldrid,Kathy.Eldrid@yopmail.com,9899990423
Gilligan,Kristi,Gilligan.Kristi@yopmail.com,9899990424
Sashenka,Connelly,Sashenka.Connelly@yopmail.com,9899990425
Rivalee,Mintz,Rivalee.Mintz@yopmail.com,9899990426
Tobe,Vorster,Tobe.Vorster@yopmail.com,9899990427
Aaren,Jillane,Aaren.Jillane@yopmail.com,9899990428
Brianna,Chesna,Brianna.Chesna@yopmail.com,9899990429
Helsa,Bluh,Helsa.Bluh@yopmail.com,9899990430
Cassandra,Pelagias,Cassandra.Pelagias@yopmail.com,9899990431
Doro,Meli,Doro.Meli@yopmail.com,9899990432
Liana,Neva,Liana.Neva@yopmail.com,9899990433
Aurore,Eckblad,Aurore.Eckblad@yopmail.com,9899990434
Mallory,Merriott,Mallory.Merriott@yopmail.com,9899990435
Karlee,Iaverne,Karlee.Iaverne@yopmail.com,9899990436
Belinda,Muriel,Belinda.Muriel@yopmail.com,9899990437
Kristan,Gunn,Kristan.Gunn@yopmail.com,9899990438
Sherrie,Sammons,Sherrie.Sammons@yopmail.com,9899990439
Minne,Bearnard,Minne.Bearnard@yopmail.com,9899990440
Gerrie,Avi,Gerrie.Avi@yopmail.com,9899990441
Beth,Celestine,Beth.Celestine@yopmail.com,9899990442
Jany,Syd,Jany.Syd@yopmail.com,9899990443
Katuscha,Raama,Katuscha.Raama@yopmail.com,9899990444
Lolita,Annabella,Lolita.Annabella@yopmail.com,9899990445
Sara-Ann,Magdalen,Sara-Ann.Magdalen@yopmail.com,9899990446
Glynnis,Mich,Glynnis.Mich@yopmail.com,9899990447
Binny,Jenness,Binny.Jenness@yopmail.com,9899990448
Charmaine,Linehan,Charmaine.Linehan@yopmail.com,9899990449
Daune,Vorster,Daune.Vorster@yopmail.com,9899990450
Halette,Ajay,Halette.Ajay@yopmail.com,9899990451
Sybille,Lory,Sybille.Lory@yopmail.com,9899990452
Lyssa,Leary,Lyssa.Leary@yopmail.com,9899990453
Karena,Tound,Karena.Tound@yopmail.com,9899990454
Eve,Bertold,Eve.Bertold@yopmail.com,9899990455
Emma,Audly,Emma.Audly@yopmail.com,9899990456
Katleen,Maxi,Katleen.Maxi@yopmail.com,9899990457
Caryl,Yorick,Caryl.Yorick@yopmail.com,9899990458
Hope,Frendel,Hope.Frendel@yopmail.com,9899990459
Isa,Scammon,Isa.Scammon@yopmail.com,9899990460
Amara,Claudine,Amara.Claudine@yopmail.com,9899990461
Jenilee,Egbert,Jenilee.Egbert@yopmail.com,9899990462
Shaylyn,Shaddock,Shaylyn.Shaddock@yopmail.com,9899990463
Yolane,Celestine,Yolane.Celestine@yopmail.com,9899990464
Hallie,Read,Hallie.Read@yopmail.com,9899990465
Lulita,Viddah,Lulita.Viddah@yopmail.com,9899990466
Celestyna,Camden,Celestyna.Camden@yopmail.com,9899990467
Evita,Junie,Evita.Junie@yopmail.com,9899990468
Jenilee,Deny,Jenilee.Deny@yopmail.com,9899990469
Lonnie,Bouchard,Lonnie.Bouchard@yopmail.com,9899990470
Dagmar,Olin,Dagmar.Olin@yopmail.com,9899990471
Kellen,Philipp,Kellen.Philipp@yopmail.com,9899990472
Ardys,Orlene,Ardys.Orlene@yopmail.com,9899990473
Cindelyn,Toor,Cindelyn.Toor@yopmail.com,9899990474
Ezmeralda,Halsey,Ezmeralda.Halsey@yopmail.com,9899990475
Adele,Elo,Adele.Elo@yopmail.com,9899990476
Leontine,Fleeta,Leontine.Fleeta@yopmail.com,9899990477
Siana,Raama,Siana.Raama@yopmail.com,9899990478
Rori,Argus,Rori.Argus@yopmail.com,9899990479
Gratia,McNully,Gratia.McNully@yopmail.com,9899990480
Catrina,Kathie,Catrina.Kathie@yopmail.com,9899990481
Ofilia,Rugen,Ofilia.Rugen@yopmail.com,9899990482
Laure,Socha,Laure.Socha@yopmail.com,9899990483
Aurelie,Lucienne,Aurelie.Lucienne@yopmail.com,9899990484
Ninnetta,Strephon,Ninnetta.Strephon@yopmail.com,9899990485
Cyndie,Firmin,Cyndie.Firmin@yopmail.com,9899990486
Janeczka,Marijo,Janeczka.Marijo@yopmail.com,9899990487
Concettina,Devlen,Concettina.Devlen@yopmail.com,9899990488
Monika,Mandler,Monika.Mandler@yopmail.com,9899990489
Johna,Turne,Johna.Turne@yopmail.com,9899990490
Christy,Haldas,Christy.Haldas@yopmail.com,9899990491
Danny,Ivens,Danny.Ivens@yopmail.com,9899990492
Nelle,Bury,Nelle.Bury@yopmail.com,9899990493
Gabriellia,Stuart,Gabriellia.Stuart@yopmail.com,9899990494
Jenda,Wattenberg,Jenda.Wattenberg@yopmail.com,9899990495
Raf,Kaja,Raf.Kaja@yopmail.com,9899990496
Gerianna,Halla,Gerianna.Halla@yopmail.com,9899990497
Sharlene,Niles,Sharlene.Niles@yopmail.com,9899990498
Lonnie,Jillane,Lonnie.Jillane@yopmail.com,9899990499
Madelle,Hoban,Madelle.Hoban@yopmail.com,9899990500
Lanna,Fredi,Lanna.Fredi@yopmail.com,9899990501
Heddie,Sinegold,Heddie.Sinegold@yopmail.com,9899990502
Ricky,Pandolfi,Ricky.Pandolfi@yopmail.com,9899990503
Codie,Karylin,Codie.Karylin@yopmail.com,9899990504
Gerianna,Voletta,Gerianna.Voletta@yopmail.com,9899990505
Candy,Cristi,Candy.Cristi@yopmail.com,9899990506
Elyssa,Federica,Elyssa.Federica@yopmail.com,9899990507
Elvira,Leffen,Elvira.Leffen@yopmail.com,9899990508
Jemie,Maiah,Jemie.Maiah@yopmail.com,9899990509
Chere,Birdella,Chere.Birdella@yopmail.com,9899990510
Gratia,Faria,Gratia.Faria@yopmail.com,9899990511
Teriann,Hessler,Teriann.Hessler@yopmail.com,9899990512
Lauryn,Aloise,Lauryn.Aloise@yopmail.com,9899990513
Renae,Mendez,Renae.Mendez@yopmail.com,9899990514
Kelly,Hartnett,Kelly.Hartnett@yopmail.com,9899990515
Valli,Gavrila,Valli.Gavrila@yopmail.com,9899990516
Cathyleen,Whittaker,Cathyleen.Whittaker@yopmail.com,9899990517
Gratia,Hunfredo,Gratia.Hunfredo@yopmail.com,9899990518
Odessa,Carlson,Odessa.Carlson@yopmail.com,9899990519
Drucie,Garek,Drucie.Garek@yopmail.com,9899990520
Louella,Ashely,Louella.Ashely@yopmail.com,9899990521
Vere,Lanita,Vere.Lanita@yopmail.com,9899990522
Pamella,Japeth,Pamella.Japeth@yopmail.com,9899990523
Florencia,Marisa,Florencia.Marisa@yopmail.com,9899990524
Abbie,Iiette,Abbie.Iiette@yopmail.com,9899990525
Malina,Garbe,Malina.Garbe@yopmail.com,9899990526
Elise,Yuille,Elise.Yuille@yopmail.com,9899990527
Rayna,Mozelle,Rayna.Mozelle@yopmail.com,9899990528
Bettine,Darian,Bettine.Darian@yopmail.com,9899990529
Emilia,Shama,Emilia.Shama@yopmail.com,9899990530
Alia,Fredi,Alia.Fredi@yopmail.com,9899990531
Minda,Hartnett,Minda.Hartnett@yopmail.com,9899990532
Eolanda,Carlson,Eolanda.Carlson@yopmail.com,9899990533
Katleen,Sholley,Katleen.Sholley@yopmail.com,9899990534
Zondra,Birdella,Zondra.Birdella@yopmail.com,9899990535
Beverley,Ahab,Beverley.Ahab@yopmail.com,9899990536
Yvonne,O'Rourke,Yvonne.O'Rourke@yopmail.com,9899990537
Sissy,Blisse,Sissy.Blisse@yopmail.com,9899990538
Willetta,Curren,Willetta.Curren@yopmail.com,9899990539
Amii,Nahum,Amii.Nahum@yopmail.com,9899990540
Olivette,Gino,Olivette.Gino@yopmail.com,9899990541
Dyann,Beniamino,Dyann.Beniamino@yopmail.com,9899990542
Roberta,Hashim,Roberta.Hashim@yopmail.com,9899990543
Jacquetta,Corabella,Jacquetta.Corabella@yopmail.com,9899990544
Lory,Lowry,Lory.Lowry@yopmail.com,9899990545
Dale,Friede,Dale.Friede@yopmail.com,9899990546
Modestia,Rillings,Modestia.Rillings@yopmail.com,9899990547
Carmela,Andrel,Carmela.Andrel@yopmail.com,9899990548
Aigneis,Ogren,Aigneis.Ogren@yopmail.com,9899990549
Lulita,Janith,Lulita.Janith@yopmail.com,9899990550
Gertrud,Berl,Gertrud.Berl@yopmail.com,9899990551
Marinna,Lamoree,Marinna.Lamoree@yopmail.com,9899990552
Genevra,Euridice,Genevra.Euridice@yopmail.com,9899990553
Nataline,Rebecka,Nataline.Rebecka@yopmail.com,9899990554
Gloria,Lipson,Gloria.Lipson@yopmail.com,9899990555
Lenna,Damarra,Lenna.Damarra@yopmail.com,9899990556
Pierette,Liva,Pierette.Liva@yopmail.com,9899990557
Raina,Mallon,Raina.Mallon@yopmail.com,9899990558
Yetty,Modie,Yetty.Modie@yopmail.com,9899990559
Nanete,Modie,Nanete.Modie@yopmail.com,9899990560
Neila,Weinreb,Neila.Weinreb@yopmail.com,9899990561
Alia,Shanley,Alia.Shanley@yopmail.com,9899990562
Drucie,Sammons,Drucie.Sammons@yopmail.com,9899990563
Benita,Cavan,Benita.Cavan@yopmail.com,9899990564
Dolli,Sundin,Dolli.Sundin@yopmail.com,9899990565
Alexine,Randene,Alexine.Randene@yopmail.com,9899990566
Elise,Marden,Elise.Marden@yopmail.com,9899990567
Collen,Cleavland,Collen.Cleavland@yopmail.com,9899990568
Sashenka,Sibyls,Sashenka.Sibyls@yopmail.com,9899990569
Ernesta,Bouchard,Ernesta.Bouchard@yopmail.com,9899990570
Stephanie,Alva,Stephanie.Alva@yopmail.com,9899990571
Ingrid,Chem,Ingrid.Chem@yopmail.com,9899990572
Flo,Anselmi,Flo.Anselmi@yopmail.com,9899990573
Rosene,Ulphia,Rosene.Ulphia@yopmail.com,9899990574
Alisha,Amasa,Alisha.Amasa@yopmail.com,9899990575
Gisela,Schonfeld,Gisela.Schonfeld@yopmail.com,9899990576
Paola,Syd,Paola.Syd@yopmail.com,9899990577
Maud,Elsinore,Maud.Elsinore@yopmail.com,9899990578
Tierney,Jaylene,Tierney.Jaylene@yopmail.com,9899990579
Eve,Alisia,Eve.Alisia@yopmail.com,9899990580
Cherilyn,Kimmie,Cherilyn.Kimmie@yopmail.com,9899990581
Viki,Diogenes,Viki.Diogenes@yopmail.com,9899990582
Gloria,Donell,Gloria.Donell@yopmail.com,9899990583
Xylina,Kelula,Xylina.Kelula@yopmail.com,9899990584
Lorie,Hertzfeld,Lorie.Hertzfeld@yopmail.com,9899990585
Kassey,Bergman,Kassey.Bergman@yopmail.com,9899990586
Dari,LaRue,Dari.LaRue@yopmail.com,9899990587
Ricky,Morgun,Ricky.Morgun@yopmail.com,9899990588
Kylynn,Loring,Kylynn.Loring@yopmail.com,9899990589
Glynnis,Lynn,Glynnis.Lynn@yopmail.com,9899990590
Dagmar,Sammons,Dagmar.Sammons@yopmail.com,9899990591
Kenna,Leopold,Kenna.Leopold@yopmail.com,9899990592
Lonnie,Arne,Lonnie.Arne@yopmail.com,9899990593
Latisha,Wenoa,Latisha.Wenoa@yopmail.com,9899990594
Lita,Hachmin,Lita.Hachmin@yopmail.com,9899990595
Almeta,Milson,Almeta.Milson@yopmail.com,9899990596
Alyda,Obed,Alyda.Obed@yopmail.com,9899990597
Krystle,Michella,Krystle.Michella@yopmail.com,9899990598
Dorothy,Madox,Dorothy.Madox@yopmail.com,9899990599
Deloria,Doig,Deloria.Doig@yopmail.com,9899990600
Peri,McGrody,Peri.McGrody@yopmail.com,9899990601
Chloris,Podvin,Chloris.Podvin@yopmail.com,9899990602
Marita,Luhe,Marita.Luhe@yopmail.com,9899990603
Blinni,Louanna,Blinni.Louanna@yopmail.com,9899990604
Wynne,Rona,Wynne.Rona@yopmail.com,9899990605
Lanae,Baudin,Lanae.Baudin@yopmail.com,9899990606
Lusa,Mehalek,Lusa.Mehalek@yopmail.com,9899990607
Sean,Gillan,Sean.Gillan@yopmail.com,9899990608
Brooks,Felecia,Brooks.Felecia@yopmail.com,9899990609
Edyth,Sikorski,Edyth.Sikorski@yopmail.com,9899990610
Meg,Candy,Meg.Candy@yopmail.com,9899990611
Renie,Clara,Renie.Clara@yopmail.com,9899990612
Shaylyn,Vittoria,Shaylyn.Vittoria@yopmail.com,9899990613
Kimmy,Ailyn,Kimmy.Ailyn@yopmail.com,9899990614
Cherilyn,Marisa,Cherilyn.Marisa@yopmail.com,9899990615
Karolina,Gibbeon,Karolina.Gibbeon@yopmail.com,9899990616
Correy,Garbe,Correy.Garbe@yopmail.com,9899990617
Teriann,Jarib,Teriann.Jarib@yopmail.com,9899990618
Priscilla,Dalli,Priscilla.Dalli@yopmail.com,9899990619
Steffane,Eugenia,Steffane.Eugenia@yopmail.com,9899990620
Adele,Amasa,Adele.Amasa@yopmail.com,9899990621
Lolita,Chaing,Lolita.Chaing@yopmail.com,9899990622
Katharina,Sandye,Katharina.Sandye@yopmail.com,9899990623
Jorry,Lamoree,Jorry.Lamoree@yopmail.com,9899990624
Tierney,Heisel,Tierney.Heisel@yopmail.com,9899990625
Ruthe,Hathaway,Ruthe.Hathaway@yopmail.com,9899990626
Johna,Marden,Johna.Marden@yopmail.com,9899990627
Rebeca,Zitvaa,Rebeca.Zitvaa@yopmail.com,9899990628
Merle,Bollay,Merle.Bollay@yopmail.com,9899990629
Dulce,Poll,Dulce.Poll@yopmail.com,9899990630
Mallory,Skell,Mallory.Skell@yopmail.com,9899990631
Lanae,Masao,Lanae.Masao@yopmail.com,9899990632
Mady,Daniele,Mady.Daniele@yopmail.com,9899990633
Silvana,Hollingsworth,Silvana.Hollingsworth@yopmail.com,9899990634
Nannie,Marsden,Nannie.Marsden@yopmail.com,9899990635
Paule,Oscar,Paule.Oscar@yopmail.com,9899990636
Rosaline,Wooster,Rosaline.Wooster@yopmail.com,9899990637
Kara-Lynn,Anestassia,Kara-Lynn.Anestassia@yopmail.com,9899990638
Constance,Ludewig,Constance.Ludewig@yopmail.com,9899990639
Vevay,Stelle,Vevay.Stelle@yopmail.com,9899990640
Aaren,Ventre,Aaren.Ventre@yopmail.com,9899990641
Emylee,Tannie,Emylee.Tannie@yopmail.com,9899990642
Korrie,Daveta,Korrie.Daveta@yopmail.com,9899990643
Annabela,Lesley,Annabela.Lesley@yopmail.com,9899990644
Evita,Fillbert,Evita.Fillbert@yopmail.com,9899990645
Carolina,Bandeen,Carolina.Bandeen@yopmail.com,9899990646
Babita,Hilbert,Babita.Hilbert@yopmail.com,9899990647
Rochette,Brotherson,Rochette.Brotherson@yopmail.com,9899990648
Edith,Vivle,Edith.Vivle@yopmail.com,9899990649
Beth,Leifeste,Beth.Leifeste@yopmail.com,9899990650
Betta,Hathaway,Betta.Hathaway@yopmail.com,9899990651
Gretal,Pyle,Gretal.Pyle@yopmail.com,9899990652
Ingrid,Chauncey,Ingrid.Chauncey@yopmail.com,9899990653
Lonnie,Lissi,Lonnie.Lissi@yopmail.com,9899990654
Tressa,Iiette,Tressa.Iiette@yopmail.com,9899990655
Randa,Haymes,Randa.Haymes@yopmail.com,9899990656
Malina,Primalia,Malina.Primalia@yopmail.com,9899990657
Dorothy,Kannry,Dorothy.Kannry@yopmail.com,9899990658
Aili,Tengdin,Aili.Tengdin@yopmail.com,9899990659
Linet,Quinn,Linet.Quinn@yopmail.com,9899990660
Lynde,Dominy,Lynde.Dominy@yopmail.com,9899990661
Meg,Parette,Meg.Parette@yopmail.com,9899990662
Fayre,Silvan,Fayre.Silvan@yopmail.com,9899990663
Genevra,Carbo,Genevra.Carbo@yopmail.com,9899990664
Jasmina,Merriott,Jasmina.Merriott@yopmail.com,9899990665
Ruthe,Bouchard,Ruthe.Bouchard@yopmail.com,9899990666
Beatriz,Artie,Beatriz.Artie@yopmail.com,9899990667
Rebeca,Roche,Rebeca.Roche@yopmail.com,9899990668
Valli,Niccolo,Valli.Niccolo@yopmail.com,9899990669
Caressa,Sasnett,Caressa.Sasnett@yopmail.com,9899990670
Lila,Rebecka,Lila.Rebecka@yopmail.com,9899990671
Kary,Angelis,Kary.Angelis@yopmail.com,9899990672
Elvira,Willie,Elvira.Willie@yopmail.com,9899990673
Mignon,Millda,Mignon.Millda@yopmail.com,9899990674
Odessa,Sharl,Odessa.Sharl@yopmail.com,9899990675
Winny,Mathilde,Winny.Mathilde@yopmail.com,9899990676
Gretal,Hillel,Gretal.Hillel@yopmail.com,9899990677
Sibella,Briney,Sibella.Briney@yopmail.com,9899990678
Tamqrah,Autrey,Tamqrah.Autrey@yopmail.com,9899990679
Josephine,Lilas,Josephine.Lilas@yopmail.com,9899990680
Fredericka,Jaylene,Fredericka.Jaylene@yopmail.com,9899990681
Jaclyn,Leonard,Jaclyn.Leonard@yopmail.com,9899990682
Gilda,Forrer,Gilda.Forrer@yopmail.com,9899990683
Mariele,Rurik,Mariele.Rurik@yopmail.com,9899990684
Michaelina,Skurnik,Michaelina.Skurnik@yopmail.com,9899990685
Gloria,Weinreb,Gloria.Weinreb@yopmail.com,9899990686
Xylina,Gamaliel,Xylina.Gamaliel@yopmail.com,9899990687
Mary,Raffo,Mary.Raffo@yopmail.com,9899990688
Kaja,Lane,Kaja.Lane@yopmail.com,9899990689
Carilyn,Billye,Carilyn.Billye@yopmail.com,9899990690
Melanie,Annice,Melanie.Annice@yopmail.com,9899990691
Demetris,Chabot,Demetris.Chabot@yopmail.com,9899990692
Raina,Esmaria,Raina.Esmaria@yopmail.com,9899990693
Regina,Bronk,Regina.Bronk@yopmail.com,9899990694
Arlina,Shields,Arlina.Shields@yopmail.com,9899990695
Gisela,Hertzfeld,Gisela.Hertzfeld@yopmail.com,9899990696
Farrah,Morehouse,Farrah.Morehouse@yopmail.com,9899990697
Elora,Odysseus,Elora.Odysseus@yopmail.com,9899990698
Hermione,Uund,Hermione.Uund@yopmail.com,9899990699
Romona,Zeeba,Romona.Zeeba@yopmail.com,9899990700
Silvana,Elephus,Silvana.Elephus@yopmail.com,9899990701
Oona,Constancy,Oona.Constancy@yopmail.com,9899990702
Frieda,Longfellow,Frieda.Longfellow@yopmail.com,9899990703
Riannon,Gusella,Riannon.Gusella@yopmail.com,9899990704
Wileen,Dominy,Wileen.Dominy@yopmail.com,9899990705
Fanny,Stephie,Fanny.Stephie@yopmail.com,9899990706
Charmaine,Brandice,Charmaine.Brandice@yopmail.com,9899990707
Oona,Manolo,Oona.Manolo@yopmail.com,9899990708
Ginnie,Abbot,Ginnie.Abbot@yopmail.com,9899990709
Tierney,Emmaline,Tierney.Emmaline@yopmail.com,9899990710
Gerrie,Erminia,Gerrie.Erminia@yopmail.com,9899990711
Chastity,Phaidra,Chastity.Phaidra@yopmail.com,9899990712
Britte,Rese,Britte.Rese@yopmail.com,9899990713
Kamilah,Rooney,Kamilah.Rooney@yopmail.com,9899990714
Ayn,Tippets,Ayn.Tippets@yopmail.com,9899990715
Jillayne,Medrek,Jillayne.Medrek@yopmail.com,9899990716
Zsa Zsa,Anyah,Zsa Zsa.Anyah@yopmail.com,9899990717
Amara,Kinnard,Amara.Kinnard@yopmail.com,9899990718
Corene,Hessler,Corene.Hessler@yopmail.com,9899990719
Therine,Hertzfeld,Therine.Hertzfeld@yopmail.com,9899990720
Tomasina,Bobbee,Tomasina.Bobbee@yopmail.com,9899990721
Charissa,Talia,Charissa.Talia@yopmail.com,9899990722
Drucie,Parette,Drucie.Parette@yopmail.com,9899990723
Marylou,Parsaye,Marylou.Parsaye@yopmail.com,9899990724
Nannie,Zamora,Nannie.Zamora@yopmail.com,9899990725
Agathe,Leffen,Agathe.Leffen@yopmail.com,9899990726
Letizia,Masao,Letizia.Masao@yopmail.com,9899990727
Flo,Ralfston,Flo.Ralfston@yopmail.com,9899990728
Linzy,Aloise,Linzy.Aloise@yopmail.com,9899990729
Ekaterina,Rad,Ekaterina.Rad@yopmail.com,9899990730
Ayn,Crudden,Ayn.Crudden@yopmail.com,9899990731
Bill,Gibbeon,Bill.Gibbeon@yopmail.com,9899990732
Giustina,Vittoria,Giustina.Vittoria@yopmail.com,9899990733
Andree,Idelia,Andree.Idelia@yopmail.com,9899990734
Blinni,Peonir,Blinni.Peonir@yopmail.com,9899990735
Teriann,Vernier,Teriann.Vernier@yopmail.com,9899990736
Corly,Vorster,Corly.Vorster@yopmail.com,9899990737
Fina,Blase,Fina.Blase@yopmail.com,9899990738
Henriette,Dalli,Henriette.Dalli@yopmail.com,9899990739
Ninnetta,Brady,Ninnetta.Brady@yopmail.com,9899990740
Basia,Rodmann,Basia.Rodmann@yopmail.com,9899990741
Adriana,Terencio,Adriana.Terencio@yopmail.com,9899990742
Kary,Lucienne,Kary.Lucienne@yopmail.com,9899990743
Lynde,Lory,Lynde.Lory@yopmail.com,9899990744
Cissiee,Eldrid,Cissiee.Eldrid@yopmail.com,9899990745
Pollyanna,Joeann,Pollyanna.Joeann@yopmail.com,9899990746
Linet,Engdahl,Linet.Engdahl@yopmail.com,9899990747
Oralee,Fitzsimmons,Oralee.Fitzsimmons@yopmail.com,9899990748
Eve,Autrey,Eve.Autrey@yopmail.com,9899990749
Wanda,Michella,Wanda.Michella@yopmail.com,9899990750
Codie,Rossner,Codie.Rossner@yopmail.com,9899990751
Robbi,Himelman,Robbi.Himelman@yopmail.com,9899990752
Marnia,Septima,Marnia.Septima@yopmail.com,9899990753
Annaliese,Maryanne,Annaliese.Maryanne@yopmail.com,9899990754
Ardenia,Rubie,Ardenia.Rubie@yopmail.com,9899990755
Madelle,Jaylene,Madelle.Jaylene@yopmail.com,9899990756
Averyl,Eugenia,Averyl.Eugenia@yopmail.com,9899990757
Corene,Cavan,Corene.Cavan@yopmail.com,9899990758
Lorne,Trey,Lorne.Trey@yopmail.com,9899990759
Rosanne,Delila,Rosanne.Delila@yopmail.com,9899990760
Leia,Latini,Leia.Latini@yopmail.com,9899990761
Shauna,Baylor,Shauna.Baylor@yopmail.com,9899990762
Nicoli,Grimbly,Nicoli.Grimbly@yopmail.com,9899990763
Delilah,Regan,Delilah.Regan@yopmail.com,9899990764
Aryn,Heidt,Aryn.Heidt@yopmail.com,9899990765
Joeann,Diogenes,Joeann.Diogenes@yopmail.com,9899990766
Aili,Forrer,Aili.Forrer@yopmail.com,9899990767
Clo,Gillan,Clo.Gillan@yopmail.com,9899990768
Meghann,Gahl,Meghann.Gahl@yopmail.com,9899990769
Georgina,Rosalba,Georgina.Rosalba@yopmail.com,9899990770
Belinda,Girardo,Belinda.Girardo@yopmail.com,9899990771
Dotty,Adlare,Dotty.Adlare@yopmail.com,9899990772
Edee,Margret,Edee.Margret@yopmail.com,9899990773
Marnia,Douglass,Marnia.Douglass@yopmail.com,9899990774
Marguerite,Raul,Marguerite.Raul@yopmail.com,9899990775
Emylee,Giule,Emylee.Giule@yopmail.com,9899990776
Gusella,Elephus,Gusella.Elephus@yopmail.com,9899990777
Sibella,Aaberg,Sibella.Aaberg@yopmail.com,9899990778
Betta,Jacobah,Betta.Jacobah@yopmail.com,9899990779
Halette,Flyn,Halette.Flyn@yopmail.com,9899990780
Kimberley,Screens,Kimberley.Screens@yopmail.com,9899990781
Mamie,Maxi,Mamie.Maxi@yopmail.com,9899990782
Kirbee,Aurelio,Kirbee.Aurelio@yopmail.com,9899990783
Kelly,Delila,Kelly.Delila@yopmail.com,9899990784
Alyssa,Saunderson,Alyssa.Saunderson@yopmail.com,9899990785
Raina,Zamora,Raina.Zamora@yopmail.com,9899990786
Allyce,Mehalek,Allyce.Mehalek@yopmail.com,9899990787
Lorie,Herrera,Lorie.Herrera@yopmail.com,9899990788
Mariann,Adalbert,Mariann.Adalbert@yopmail.com,9899990789
Dennie,Himelman,Dennie.Himelman@yopmail.com,9899990790
Alameda,Nikaniki,Alameda.Nikaniki@yopmail.com,9899990791
Oralee,Sholley,Oralee.Sholley@yopmail.com,9899990792
Ellette,Zola,Ellette.Zola@yopmail.com,9899990793
Christian,Stefa,Christian.Stefa@yopmail.com,9899990794
Hope,Myrilla,Hope.Myrilla@yopmail.com,9899990795
Roseline,Hunfredo,Roseline.Hunfredo@yopmail.com,9899990796
Lanae,Sawtelle,Lanae.Sawtelle@yopmail.com,9899990797
Elvira,Pozzy,Elvira.Pozzy@yopmail.com,9899990798
Michaelina,LaRue,Michaelina.LaRue@yopmail.com,9899990799
Kaja,Capello,Kaja.Capello@yopmail.com,9899990800
Kirbee,Dash,Kirbee.Dash@yopmail.com,9899990801
Frances,Urania,Frances.Urania@yopmail.com,9899990802
Estell,Merriott,Estell.Merriott@yopmail.com,9899990803
Janeczka,Garbe,Janeczka.Garbe@yopmail.com,9899990804
Dale,Torray,Dale.Torray@yopmail.com,9899990805
Micheline,Gilbertson,Micheline.Gilbertson@yopmail.com,9899990806
Sibella,Ahab,Sibella.Ahab@yopmail.com,9899990807
Joelly,Hollingsworth,Joelly.Hollingsworth@yopmail.com,9899990808
Oralee,Cookie,Oralee.Cookie@yopmail.com,9899990809
Talya,Franza,Talya.Franza@yopmail.com,9899990810
Leia,Charity,Leia.Charity@yopmail.com,9899990811
Kathy,Erminia,Kathy.Erminia@yopmail.com,9899990812
Clarice,Sabella,Clarice.Sabella@yopmail.com,9899990813
Edee,Helfand,Edee.Helfand@yopmail.com,9899990814
Candy,Abernon,Candy.Abernon@yopmail.com,9899990815
Donnie,Gino,Donnie.Gino@yopmail.com,9899990816
Judy,Israeli,Judy.Israeli@yopmail.com,9899990817
Mary,Stav,Mary.Stav@yopmail.com,9899990818
Brena,Chandler,Brena.Chandler@yopmail.com,9899990819
Jerry,Merriott,Jerry.Merriott@yopmail.com,9899990820
Annecorinne,Helve,Annecorinne.Helve@yopmail.com,9899990821
Almeta,Hylan,Almeta.Hylan@yopmail.com,9899990822
Tera,Diogenes,Tera.Diogenes@yopmail.com,9899990823
Yolane,Morgun,Yolane.Morgun@yopmail.com,9899990824
Deirdre,Cleavland,Deirdre.Cleavland@yopmail.com,9899990825
Harrietta,Joachim,Harrietta.Joachim@yopmail.com,9899990826
Queenie,Tengdin,Queenie.Tengdin@yopmail.com,9899990827
Annabela,Myrilla,Annabela.Myrilla@yopmail.com,9899990828
Michaelina,Hathaway,Michaelina.Hathaway@yopmail.com,9899990829
Siana,Wyn,Siana.Wyn@yopmail.com,9899990830
Amara,Edison,Amara.Edison@yopmail.com,9899990831
Celestyna,Desai,Celestyna.Desai@yopmail.com,9899990832
Dolli,Aprile,Dolli.Aprile@yopmail.com,9899990833
Dianemarie,Podvin,Dianemarie.Podvin@yopmail.com,9899990834
Regina,Ephrem,Regina.Ephrem@yopmail.com,9899990835
Doro,Chapland,Doro.Chapland@yopmail.com,9899990836
Doralynne,Anton,Doralynne.Anton@yopmail.com,9899990837
Randa,Thema,Randa.Thema@yopmail.com,9899990838
Neila,Strephon,Neila.Strephon@yopmail.com,9899990839
Kara-Lynn,Beebe,Kara-Lynn.Beebe@yopmail.com,9899990840
Celisse,Kiyoshi,Celisse.Kiyoshi@yopmail.com,9899990841
Hope,Ehrman,Hope.Ehrman@yopmail.com,9899990842
Georgetta,Revkah,Georgetta.Revkah@yopmail.com,9899990843
Cherrita,Elo,Cherrita.Elo@yopmail.com,9899990844
Abbie,Hortensia,Abbie.Hortensia@yopmail.com,9899990845
Nita,Pulsifer,Nita.Pulsifer@yopmail.com,9899990846
Aeriela,Paine,Aeriela.Paine@yopmail.com,9899990847
Emilia,Sherfield,Emilia.Sherfield@yopmail.com,9899990848
Ashlee,Zrike,Ashlee.Zrike@yopmail.com,9899990849
Nikki,Pattin,Nikki.Pattin@yopmail.com,9899990850
Fanchon,Demitria,Fanchon.Demitria@yopmail.com,9899990851
Roxane,Wenda,Roxane.Wenda@yopmail.com,9899990852
Norine,Emanuel,Norine.Emanuel@yopmail.com,9899990853
Aryn,Dituri,Aryn.Dituri@yopmail.com,9899990854
Shel,Yoko,Shel.Yoko@yopmail.com,9899990855
Wynne,Goerke,Wynne.Goerke@yopmail.com,9899990856
Lolita,Pitt,Lolita.Pitt@yopmail.com,9899990857
Viviene,Iphlgenia,Viviene.Iphlgenia@yopmail.com,9899990858
Meghann,Louanna,Meghann.Louanna@yopmail.com,9899990859
Gaylene,Remmer,Gaylene.Remmer@yopmail.com,9899990860
Wanda,Bennie,Wanda.Bennie@yopmail.com,9899990861
Winny,Septima,Winny.Septima@yopmail.com,9899990862
Sallie,Erminia,Sallie.Erminia@yopmail.com,9899990863
Ernesta,Ahab,Ernesta.Ahab@yopmail.com,9899990864
Alexine,Carvey,Alexine.Carvey@yopmail.com,9899990865
Tori,Thunell,Tori.Thunell@yopmail.com,9899990866
Jobi,Strephon,Jobi.Strephon@yopmail.com,9899990867
Kayla,Maroney,Kayla.Maroney@yopmail.com,9899990868
Lizzie,Dituri,Lizzie.Dituri@yopmail.com,9899990869
Dagmar,Klotz,Dagmar.Klotz@yopmail.com,9899990870
Yolane,Madaih,Yolane.Madaih@yopmail.com,9899990871
Gisela,Deny,Gisela.Deny@yopmail.com,9899990872
Corly,Mandler,Corly.Mandler@yopmail.com,9899990873
Lynnea,Adlare,Lynnea.Adlare@yopmail.com,9899990874
Patricia,Kauppi,Patricia.Kauppi@yopmail.com,9899990875
Aurore,Wolfgram,Aurore.Wolfgram@yopmail.com,9899990876
Albertina,Rozanna,Albertina.Rozanna@yopmail.com,9899990877
Inga,Parsaye,Inga.Parsaye@yopmail.com,9899990878
Chloris,Thomasina,Chloris.Thomasina@yopmail.com,9899990879
Gloria,Quinn,Gloria.Quinn@yopmail.com,9899990880
Xylina,Japeth,Xylina.Japeth@yopmail.com,9899990881
Vinita,Vins,Vinita.Vins@yopmail.com,9899990882
Flory,Michella,Flory.Michella@yopmail.com,9899990883
Ilse,Westphal,Ilse.Westphal@yopmail.com,9899990884
Wendi,Melleta,Wendi.Melleta@yopmail.com,9899990885
Deloria,Flyn,Deloria.Flyn@yopmail.com,9899990886
Carilyn,Norrie,Carilyn.Norrie@yopmail.com,9899990887
Ariela,Cohdwell,Ariela.Cohdwell@yopmail.com,9899990888
Calla,Harned,Calla.Harned@yopmail.com,9899990889
Genovera,Fontana,Genovera.Fontana@yopmail.com,9899990890
Lucille,Gregrory,Lucille.Gregrory@yopmail.com,9899990891
Stacey,Bari,Stacey.Bari@yopmail.com,9899990892
Belva,Aurelio,Belva.Aurelio@yopmail.com,9899990893
Dulcinea,Percy,Dulcinea.Percy@yopmail.com,9899990894
Jaime,Mallon,Jaime.Mallon@yopmail.com,9899990895
Jorry,Letsou,Jorry.Letsou@yopmail.com,9899990896
Berget,Edison,Berget.Edison@yopmail.com,9899990897
Miquela,Pearse,Miquela.Pearse@yopmail.com,9899990898
Joane,Luhe,Joane.Luhe@yopmail.com,9899990899
Romona,Madelene,Romona.Madelene@yopmail.com,9899990900
Elena,Amethist,Elena.Amethist@yopmail.com,9899990901
Shell,Boycey,Shell.Boycey@yopmail.com,9899990902
Nita,Engdahl,Nita.Engdahl@yopmail.com,9899990903
Jany,Estella,Jany.Estella@yopmail.com,9899990904
Lanna,Keelia,Lanna.Keelia@yopmail.com,9899990905
Kimberley,Teryn,Kimberley.Teryn@yopmail.com,9899990906
Elise,Rustice,Elise.Rustice@yopmail.com,9899990907
Willetta,Hollingsworth,Willetta.Hollingsworth@yopmail.com,9899990908
Glynnis,Cornelia,Glynnis.Cornelia@yopmail.com,9899990909
Etta,Stanwood,Etta.Stanwood@yopmail.com,9899990910