volunteer_ID,rollnumber,firstname,lastname,email,institute,phonenumber
1,2018226,Fidelia,Malanie,Fidelia.Malanie@random.com,IIT - Delhi,9821284766
2,2018358,Brooks,Elvyn,Brooks.Elvyn@random.com,Bhagwan Parshuram,9821284302
3,2018433,Malina,Macey,Malina.Macey@random.com,NIFT Delhi,9821284480
4,2018229,Barbara,Atonsah,Barbara.Atonsah@random.com,LSR,9821284725
5,2018454,Tami,Annice,Tami.Annice@random.com,IIT - Delhi,9821285106
6,2018205,Barbara,Buttaro,Barbara.Buttaro@random.com,IGNOU,9821285048
7,2018307,Selma,Georas,Selma.Georas@random.com,Hansraj College,9821284300
8,2018340,Corene,Thema,Corene.Thema@random.com,IIT - Delhi,9821285185
9,2020021,Pamella,Honoria,Pamella.Honoria@random.com,Miranda House,9821284880
10,2018238,Sharlene,Pitt,Sharlene.Pitt@random.com,Ramjas College,9821284230
11,2018412,Celisse,Terencio,Celisse.Terencio@random.com,Bhagwan Parshuram,9821284541
12,2018475,Jenilee,Frodi,Jenilee.Frodi@random.com,DTU,9821284217
13,2020017,Doro,Irmine,Doro.Irmine@random.com,BITS Pilani,9821284812
14,2018394,Joleen,Leifeste,Joleen.Leifeste@random.com,IIT - Roorkee,9821284408
15,2018139,Jacenta,Oriana,Jacenta.Oriana@random.com,Kamla Nehru,9821285150
16,2018124,Eadie,Craggie,Eadie.Craggie@random.com,IGDTUW,9821284342
17,2019024,Amara,Weide,Amara.Weide@random.com,Hindu College,9821284500
18,2018487,Alie,Diogenes,Alie.Diogenes@random.com,Bhagwan Parshuram,9821284223
19,2018361,Annice,Dex,Annice.Dex@random.com,DTU,9821284717
20,2018355,Ingrid,Roche,Ingrid.Roche@random.com,Gargi College,9821284801
21,2020041,Blinni,Dash,Blinni.Dash@random.com,BITS Goa,9821284538
22,2018274,Carol-Jean,Ehrman,Carol-Jean.Ehrman@random.com,MSIT,9821284364
23,2018391,Marcelline,Melan,Marcelline.Melan@random.com,Amity University,9821284982
24,2018199,Damaris,Mathilde,Damaris.Mathilde@random.com,Bennette University ,9821284710
25,2020029,Sheree,Harday,Sheree.Harday@random.com,Jesus Mary College,9821285162
26,2018430,Tori,Bobbee,Tori.Bobbee@random.com,BITS Pilani,9821284595
27,2018280,Brietta,Killigrew,Brietta.Killigrew@random.com,Ramjas College,9821284684
28,2018130,Blake,Dyche,Blake.Dyche@random.com,Amity University,9821285102
29,2018163,Evita,Angelis,Evita.Angelis@random.com,BITS Pilani,9821284609
30,2019164,Blinni,Nerita,Blinni.Nerita@random.com,Bennette University ,9821284907
31,2018490,Livvyy,Baptlsta,Livvyy.Baptlsta@random.com,Bhagwan Parshuram,9821285016
32,2018445,Ericka,Lucienne,Ericka.Lucienne@random.com,Bennette University ,9821284677
33,2020061,Giustina,Love,Giustina.Love@random.com,DTU,9821284440
34,2018385,Rani,Marisa,Rani.Marisa@random.com,Bhagwan Parshuram,9821284402
35,2018286,Nollie,Arathorn,Nollie.Arathorn@random.com,NSUT,9821285039
36,2018364,Violet,Rebecka,Violet.Rebecka@random.com,NSUT,9821285148
37,2019038,Shell,Arvo,Shell.Arvo@random.com,Bhagwan Parshuram,9821285037
38,2018232,Anestassia,Schonfeld,Anestassia.Schonfeld@random.com,BITS Pilani,9821284692
39,2018166,Nickie,Odysseus,Nickie.Odysseus@random.com,Miranda House,9821284951
40,2018298,Ivett,O'Rourke,Ivett.O'Rourke@random.com,Jaypee Institute,9821285076
41,2018424,Jemie,Stilwell,Jemie.Stilwell@random.com,IGDTUW,9821284644
42,2018181,Jean,Land,Jean.Land@random.com,IIT - Roorkee,9821284233
43,2018193,Rosabelle,Gaynor,Rosabelle.Gaynor@random.com,IGDTUW,9821284761
44,2018247,Glenda,Israeli,Glenda.Israeli@random.com,Bhagwan Parshuram,9821284716
45,2019199,Sophia,Odysseus,Sophia.Odysseus@random.com,Pearl Academy ,9821284757
46,2018208,Nita,Emerson,Nita.Emerson@random.com,IGNOU,9821284362
47,2019052,Meg,Constancy,Meg.Constancy@random.com,DTU,9821284963
48,2018388,Tilly,Hathaway,Tilly.Hathaway@random.com,Pearl Academy ,9821284399
49,2018151,Tera,Rolf,Tera.Rolf@random.com,IIT - Delhi,9821284647
50,2018154,Rivalee,Trey,Rivalee.Trey@random.com,Jesus Mary College,9821284585
51,2020037,Minne,Jerald,Minne.Jerald@random.com,St. Stephen's College,9821284529
52,2018325,Lilith,Poll,Lilith.Poll@random.com,Jaypee Institute,9821284900
53,2018436,Rosanne,Tamsky,Rosanne.Tamsky@random.com,BITS Goa,9821284571
54,2019178,Joelly,Weaks,Joelly.Weaks@random.com,IIT - Delhi,9821284502
55,2018169,Lilith,Shaddock,Lilith.Shaddock@random.com,NIFT Delhi,9821285161
56,2018409,Stephanie,Henrie,Stephanie.Henrie@random.com,Jesus Mary College,9821284843
57,2018175,Marita,Croix,Marita.Croix@random.com,NIFT Delhi,9821284199
58,2018118,Philis,Eno,Philis.Eno@random.com,Sharda University,9821284236
59,2018442,Deedee,Baudin,Deedee.Baudin@random.com,IGDTUW,9821285087
60,2018370,Danika,Bevin,Danika.Bevin@random.com,DTU,9821284811
61,2018373,Hyacinthe,Fabiola,Hyacinthe.Fabiola@random.com,NIFT Delhi,9821284749
62,2018418,Tonia,Llovera,Tonia.Llovera@random.com,IIT - Delhi,9821284349
63,2020065,Celene,Gaal,Celene.Gaal@random.com,Gargi College,9821285045
64,2018256,Melisent,Dorothy,Melisent.Dorothy@random.com,NIFT Delhi,9821284767
65,2018496,Cherrita,Lemuela,Cherrita.Lemuela@random.com,IGNOU,9821284216
66,2018157,Joane,Hutchison,Joane.Hutchison@random.com,Hindu College,9821285083
67,2019129,Catrina,Pulsifer,Catrina.Pulsifer@random.com,Christ University,9821284789
68,2019157,Merrie,Vary,Merrie.Vary@random.com,NSUT,9821284709
69,2018250,Ronna,Weinreb,Ronna.Weinreb@random.com,St. Stephen's College,9821284637
70,2018148,Gianina,Seumas,Gianina.Seumas@random.com,GGSIPU,9821284854
71,2019206,Tori,Aldric,Tori.Aldric@random.com,Christ University,9821284712
72,2018328,Debee,Darrell,Debee.Darrell@random.com,Miranda House,9821284375
73,2018295,Bobbi,Sasnett,Bobbi.Sasnett@random.com,Christ University,9821284863
74,2018241,Celene,Avi,Celene.Avi@random.com,Dyal Singh College,9821284997
75,2018463,Ashlee,Sperling,Ashlee.Sperling@random.com,BITS Pilani,9821284943
76,2018331,Genovera,Millda,Genovera.Millda@random.com,Hansraj College,9821284350
77,2020045,Dulcinea,Kauppi,Dulcinea.Kauppi@random.com,BITS Pilani,9821285175
78,2018478,Gloria,Chandler,Gloria.Chandler@random.com,Miranda House,9821284795
79,2018415,Valera,Hanshaw,Valera.Hanshaw@random.com,Gargi College,9821285158
80,2018499,Tera,Ivens,Tera.Ivens@random.com,IGNOU,9821285019
81,2018235,Lizzie,Shuler,Lizzie.Shuler@random.com,Christ University,9821284263
82,2018220,Yolane,Allys,Yolane.Allys@random.com,BITS Goa,9821284621
83,2018136,Fred,Whittaker,Fred.Whittaker@random.com,LSR,9821284651
84,2018301,Lila,Harriman,Lila.Harriman@random.com,GGSIPU,9821285059
85,2018334,Candy,Karna,Candy.Karna@random.com,IGDTUW,9821284704
86,2018427,Willetta,Frodi,Willetta.Frodi@random.com,Amity University,9821285094
87,2019031,Sam,Zrike,Sam.Zrike@random.com,Hansraj College,9821284213
88,2019150,Wileen,Kirbee,Wileen.Kirbee@random.com,Jaypee Institute,9821284912
89,2019171,Therine,Penelopa,Therine.Penelopa@random.com,NIFT Delhi,9821284800
90,2018451,Doro,Bohlin,Doro.Bohlin@random.com,IIT - Roorkee,9821284822
91,2018382,Esmeralda,Gert,Esmeralda.Gert@random.com,IGNOU,9821284642
92,2018202,Wynne,Morgun,Wynne.Morgun@random.com,Christ University,9821284660
93,2018133,Frieda,Juliet,Frieda.Juliet@random.com,BITS Pilani,9821284287
94,2018493,Amii,Tippets,Amii.Tippets@random.com,DTU,9821285051
95,2018145,Brandise,Ricki,Brandise.Ricki@random.com,NIFT Delhi,9821284715
96,2018187,Dione,Caitlin,Dione.Caitlin@random.com,Amity University,9821284862
97,2018289,Annora,Constancy,Annora.Constancy@random.com,St. Stephen's College,9821284827
98,2018127,Kenna,Freddi,Kenna.Freddi@random.com,Hansraj College,9821284936
99,2018271,Tierney,Sherrie,Tierney.Sherrie@random.com,Gargi College,9821284474